id,gene_symbol,logFC,AveExpr,t,P_Value,adj_P_Val,B
1,TMEM158,3.556100844,7.755925792999999,26.71632687,5.589999999999999e-17,4.66e-14,29.10456035
2,ESM1,6.457394326,2.9814987160000004,24.10111932,4.04e-16,2.49e-13,26.79267757
3,GNG11,2.343827547,7.193090995,22.34437192,1.7100000000000002e-15,6.82e-13,25.70423663
4,ECI2,3.1930795639999996,4.75587379,21.75131178,2.8600000000000003e-15,1.07e-12,25.19588287
5,NIPAL3,2.088091615,6.854206597,20.8508576,6.3700000000000006e-15,1.83e-12,24.38406102
6,CYP3A7,6.595925785,-0.509951395,20.77476062,6.829999999999999e-15,1.8700000000000003e-12,19.85685837
7,CORO2B,1.9072757230000001,5.638936268999999,19.84106841,1.63e-14,3.72e-12,23.45138701
8,C3ORF18,2.106630011,5.290987695,19.80863956,1.68e-14,3.77e-12,23.42607812
9,FAM214B,1.58448764,5.407930631,19.7484784,1.78e-14,3.92e-12,23.36654006
10,SMTN,1.601506455,6.695507626,19.704859699999997,1.85e-14,4.01e-12,23.30648878
11,SMG9,1.679814591,5.845037702000001,19.03918961,3.54e-14,6.83e-12,22.66409217
12,PFN2,1.829895499,6.847720252,18.97053926,3.79e-14,7.14e-12,22.58260168
13,RRM2B,2.033757182,7.542909921000001,18.96214506,3.82e-14,7.14e-12,22.57492533
14,ARHGAP22,2.509949871,6.837850447,18.39620116,6.74e-14,1.13e-11,21.997919
15,APOBEC3C,1.2499395629999999,7.257580742000001,18.35233032,7.05e-14,1.16e-11,21.95215002
16,PNP,1.6515388469999999,4.585436604,18.33990002,7.14e-14,1.16e-11,21.98777442
18,CYLD,2.060588956,7.0864008510000005,18.22528776,8.02e-14,1.25e-11,21.82005644
19,SDPR,3.776964001,2.772968715,17.94590307,1.0699999999999999e-13,1.54e-11,21.50174804
20,PGPEP1,1.118057174,6.320540845,17.88092181,1.15e-13,1.61e-11,21.46321031
21,SRXN1,1.3555211809999999,6.704368454,17.73161517,1.34e-13,1.81e-11,21.30000583
22,SMAGP,1.878632399,4.6825553730000005,17.70310319,1.3800000000000002e-13,1.83e-11,21.32158951
23,VANGL1,1.831550775,4.608168344,17.63070668,1.49e-13,1.94e-11,21.24725185
24,ADK,1.36107837,5.574614332,17.54185003,1.6399999999999998e-13,2.0800000000000002e-11,21.11997184
25,KDM3B,1.64283892,5.744604211,17.24149836,2.26e-13,2.7100000000000002e-11,20.78866862
26,E2F7,3.4945625610000004,4.602277656,17.1202933,2.57e-13,3.03e-11,20.69710962
27,ABLIM3,1.764644434,6.739181349,17.06614786,2.7300000000000005e-13,3.18e-11,20.57532884
28,PLAUR,1.217938688,5.490147914,16.94515155,3.11e-13,3.46e-11,20.47001047
29,NUDCD3,1.211387067,7.0493563020000005,16.72636194,3.96e-13,4.1799999999999994e-11,20.194161899999997
30,SRD5A1,1.642376186,5.25591964,16.57851041,4.67e-13,4.89e-11,20.06697146
31,GADD45A,1.7226662959999999,5.6306262910000004,16.56647969,4.73e-13,4.9100000000000004e-11,20.03979915
32,CDH4,1.896883816,3.919253513,16.44208803,5.44e-13,5.3700000000000006e-11,19.97006948
33,MRPL49,1.16273339,6.056885086,16.29790059,6.4e-13,6.08e-11,19.71788392
34,ITGA2,3.784281563,5.747931436,16.27630846,6.559999999999999e-13,6.12e-11,19.70336032
35,TXNL4B,1.7969066630000001,4.2049005489999995,16.16445057,7.45e-13,6.62e-11,19.64313765
36,PLEKHB2,1.08210729,7.6838185160000005,16.03906271,8.600000000000001e-13,7.36e-11,19.40649775
37,SERPINB2,4.461898537,4.575473665,15.97117011,9.3e-13,7.72e-11,19.40088175
38,SHC1,1.361442733,8.409765547000001,15.962903099999998,9.390000000000001e-13,7.73e-11,19.33026694
39,TLDC1,1.4609451,5.378736224,15.93317638,9.71e-13,7.93e-11,19.31757488
40,NTNG1,3.7017040999999997,3.1166596560000004,15.92393894,9.82e-13,7.93e-11,19.38657108
41,PC,1.8984658680000002,4.387019189,15.8438353,1.08e-12,8.579999999999999e-11,19.26203016
42,SH3BP5L,1.598909956,6.068348952000001,15.82298429,1.1e-12,8.73e-11,19.16182448
43,NCEH1,2.106260046,5.87422538,15.81470982,1.1100000000000001e-12,8.759999999999999e-11,19.1586617
44,MAST4,2.504410526,4.346788495,15.78817632,1.15e-12,8.870000000000001e-11,19.1988373
45,SDCBP2,3.327504766,2.390460919,15.77406926,1.17e-12,8.959999999999999e-11,19.13853282
46,TIGAR,1.229745678,5.257643834,15.63859858,1.3700000000000002e-12,1.0200000000000001e-10,18.973597100000003
47,GTF2F2,1.308441378,5.25746888,15.60547451,1.4199999999999998e-12,1.0500000000000001e-10,18.9339965
48,SELPLG,2.347778368,2.8338064480000003,15.55731125,1.51e-12,1.09e-10,18.95133003
50,TCAIM,1.549523538,4.963598596000001,15.41220003,1.79e-12,1.2399999999999999e-10,18.71594927
51,SLC35E1,1.051127269,6.612488036,15.39882935,1.82e-12,1.25e-10,18.64089747
52,HPCAL1,1.4158512380000001,5.493871379,15.21928733,2.25e-12,1.51e-10,18.45611695
53,TMEM81,3.168729496,1.7862700130000002,15.19864491,2.31e-12,1.53e-10,18.31794783
54,LARP6,1.074839475,6.351330856000001,15.08089081,2.66e-12,1.73e-10,18.2548252
55,RTCA,1.200032201,5.548247944,15.02220969,2.86e-12,1.8200000000000002e-10,18.21087577
56,FAM219B,1.096084797,5.778269765,15.00499548,2.92e-12,1.8499999999999998e-10,18.17977771
57,DCBLD2,2.354017222,9.335843915,14.90168005,3.3100000000000002e-12,2.07e-10,18.06590113
58,RPL23AP82,1.314676352,5.477004761,14.77381995,3.87e-12,2.34e-10,17.9038204
59,ENTPD4,1.2060320390000001,6.2446669560000005,14.72824196,4.09e-12,2.47e-10,17.81617444
60,MACROD2,1.603758409,2.912668891,14.70598175,4.21e-12,2.51e-10,17.94582655
61,CASP4,1.178425899,5.283613896,14.60704488,4.76e-12,2.7699999999999997e-10,17.70214452
62,C11ORF68,1.409138864,6.42377767,14.54948503,5.110000000000001e-12,2.93e-10,17.5847584
63,SMURF2,1.335032378,7.1295952279999995,14.42637347,5.96e-12,3.3e-10,17.42121014
64,FHL2,1.0110828090000001,7.455306189,14.40123018,6.15e-12,3.3799999999999997e-10,17.39002365
65,APBA1,1.4402183869999998,5.117604625,14.37770313,6.34e-12,3.4500000000000005e-10,17.41784905
66,WDR44,1.001727255,5.488852153,14.32241674,6.799999999999999e-12,3.6200000000000004e-10,17.32775962
67,MED10,1.003129525,5.434282531,14.27182556,7.249999999999999e-12,3.8100000000000003e-10,17.26485889
68,LCE1F,7.092774658,0.6947380479999999,14.23030987,7.639999999999999e-12,3.98e-10,16.62376903
69,SPRY4,1.9659805940000001,5.316094646,14.21895913,7.749999999999999e-12,3.9899999999999997e-10,17.20206756
70,PRKX,1.0958502909999999,4.6962518069999994,14.21704395,7.77e-12,3.9899999999999997e-10,17.2376
71,SOX9,2.8437798169999997,3.869362717,14.13056921,8.670000000000001e-12,4.3700000000000004e-10,17.18695253
72,NAV3,2.630967357,5.699222398,14.11897316,8.8e-12,4.42e-10,17.05333734
73,ZNF185,3.976858988,2.943280708,13.9536932,1.0900000000000001e-11,5.33e-10,17.00575025
74,SPEG,1.5185729819999998,4.45310644,13.86894069,1.2099999999999999e-11,5.91e-10,16.80033701
75,TNFRSF10C,3.089667262,3.3374891439999996,13.83249827,1.2699999999999999e-11,6.169999999999999e-10,16.83577119
77,SCFD2,1.305143772,6.40779347,13.70382939,1.51e-11,7.16e-10,16.47628199
78,ANKRA2,1.24043404,3.9408215460000005,13.70318033,1.51e-11,7.16e-10,16.62175925
80,SESN2,1.428640357,6.220598073,13.66261917,1.59e-11,7.46e-10,16.42570484
81,CROCCP3,3.378102293,1.70244856,13.66042477,1.6e-11,7.46e-10,16.48572625
82,MET,2.3488303619999997,6.474999947000001,13.59136071,1.75e-11,7.99e-10,16.32311728
83,APCDD1L,1.85119373,5.0861488360000005,13.56399764,1.81e-11,8.22e-10,16.3468954
84,AGPAT1,1.135268494,6.412509792000001,13.47447402,2.04e-11,9.05e-10,16.16545272
85,MRTO4,1.777487639,4.468697574,13.37475906,2.33e-11,9.88e-10,16.13610899
86,FCHO2,1.173561243,5.9531943389999995,13.367474800000002,2.35e-11,9.91e-10,16.03438974
87,PTPRR,5.5352768139999995,-0.69393503,13.29585448,2.59e-11,1.0800000000000002e-09,14.30355007
88,PODXL,3.967005559,6.307805002,13.23330455,2.82e-11,1.16e-09,15.83649246
89,ITPRIP,1.3333105509999998,6.523480085,13.22757649,2.8399999999999997e-11,1.16e-09,15.82385555
90,ERN1,1.4775537580000002,4.773309117,13.21300882,2.89e-11,1.18e-09,15.88971486
91,TOX2,1.420671408,4.387643359,13.21074662,2.8999999999999997e-11,1.18e-09,15.9183072
92,AEN,1.030999962,6.186521399,13.20521839,2.93e-11,1.18e-09,15.80129966
93,CDCP1,2.99217125,3.698765481,13.18425528,3.01e-11,1.2e-09,15.94315732
94,TRIM35,1.353213566,5.562407583,13.11656788,3.3e-11,1.29e-09,15.70648273
96,AKR1B1,1.081194912,7.188193867000001,13.10218561,3.36e-11,1.31e-09,15.64511605
97,MGME1,1.334632934,4.826596498,13.07541686,3.4900000000000004e-11,1.3400000000000001e-09,15.69489707
98,ARHGAP33,2.096919006,2.538425966,13.00944982,3.820000000000001e-11,1.45e-09,15.76364174
99,PREPL,1.072692387,6.4993359,12.96910703,4.03e-11,1.5e-09,15.46317617
100,C4ORF32,1.293776518,4.77676489,12.90170614,4.43e-11,1.61e-09,15.45570089
101,ADI1,1.2282396690000001,6.826443352999999,12.88972921,4.5e-11,1.62e-09,15.34725513
103,FAM177A1,1.183252038,5.700959273,12.79989016,5.09e-11,1.79e-09,15.25379338
104,TSPYL2,2.1705749030000003,3.8951035289999996,12.79137228,5.15e-11,1.79e-09,15.37965397
106,TMEM132B,3.637265212,3.964413579,12.72303525,5.670000000000001e-11,1.94e-09,15.27651922
107,TDRD7,1.4435464130000002,4.176806611,12.72151333,5.6799999999999994e-11,1.94e-09,15.25395361
109,TM2D1,1.023075567,4.805204093,12.68834119,5.95e-11,2e-09,15.15105997
110,FAM73A,1.314887305,5.696445185,12.67475564,6.06e-11,2.0300000000000002e-09,15.07544125
111,ANAPC16,1.083729445,4.993844256,12.67190217,6.09e-11,2.04e-09,15.11302169
112,MAP3K7CL,1.9247459580000001,5.784239799,12.66178852,6.17e-11,2.0600000000000003e-09,15.05234494
113,ANKRD13C,1.025817242,5.347698416,12.65043848,6.27e-11,2.0800000000000003e-09,15.05949967
114,TP53I3,1.3965740290000002,5.7895951729999995,12.64576797,6.310000000000001e-11,2.09e-09,15.02908293
115,FAS,1.187750504,6.332720033999999,12.64409341,6.329999999999999e-11,2.09e-09,15.00444666
116,SCN8A,1.174486556,5.5352472829999995,12.61038909,6.629999999999999e-11,2.1600000000000004e-09,14.99157629
117,IL20RB,3.769683192,5.076297727,12.53452383,7.379999999999999e-11,2.38e-09,14.90982874
118,BDNF,2.763827305,3.418866804,12.48743515,7.88e-11,2.52e-09,14.995562699999997
119,PIDD1,1.604404277,4.315715994,12.47437061,8.029999999999998e-11,2.54e-09,14.887476600000001
120,AP1AR,1.419052026,4.963029177,12.44831044,8.329999999999999e-11,2.6e-09,14.79333939
121,BTRC,1.0676319509999999,4.07860643,12.38612721,9.100000000000001e-11,2.8000000000000003e-09,14.78307377
122,CES2,1.02513875,6.139311647,12.37725097,9.22e-11,2.8199999999999998e-09,14.62396124
123,EPHA4,1.9606709869999999,4.540676253,12.36276131,9.41e-11,2.87e-09,14.70485987
124,MGAM,4.773714185,-1.02664782,12.34346594,9.67e-11,2.9399999999999998e-09,13.05233615
125,BTBD6,1.025326711,6.207102331000001,12.33502162,9.79e-11,2.97e-09,14.55965535
126,SERPINB8,1.297542568,5.944308888999999,12.33398464,9.8e-11,2.97e-09,14.56914905
129,BCL2L1,1.210482477,7.570297951000001,12.28433212,1.0500000000000001e-10,3.13e-09,14.47513552
131,EPHB1,4.563958833,3.803477625,12.27462984,1.0699999999999999e-10,3.14e-09,14.64984199
132,SPHK2,1.49406116,4.948246313,12.2704076,1.0699999999999999e-10,3.16e-09,14.53494794
133,ANGPTL4,3.5711862439999997,3.185817262,12.2577975,1.09e-10,3.2e-09,14.68732457
134,AP3M2,1.232968473,4.192331661,12.25029313,1.1e-10,3.22e-09,14.57405376
136,RANGAP1,1.377209417,7.124617862999999,12.20849869,1.17e-10,3.3899999999999997e-09,14.36050375
137,STOML1,1.296920537,5.025385455,12.15139421,1.27e-10,3.63e-09,14.35379343
139,NRP1,1.0011237640000001,10.04993834,12.10913173,1.35e-10,3.829999999999999e-09,14.28813268
140,PRKCD,1.269273538,5.480415097000001,12.09812716,1.38e-10,3.87e-09,14.24562632
142,SMOX,1.210068403,4.496780554,12.08198864,1.41e-10,3.9299999999999995e-09,14.2966788
143,RASSF1,1.291572658,5.264126178,12.00619855,1.5699999999999997e-10,4.36e-09,14.12151126
144,SPRY2,1.9787663640000002,6.476101786,11.98214262,1.6299999999999998e-10,4.49e-09,14.02878323
146,OPN3,1.809478212,4.254138821000001,11.96383038,1.67e-10,4.589999999999999e-09,14.14488734
147,SPRYD7,1.190866193,4.048253763,11.95049638,1.71e-10,4.670000000000001e-09,14.1464888
148,IVL,5.9088980079999995,0.11355042800000001,11.92792357,1.76e-10,4.770000000000001e-09,13.55017486
149,MT2A,2.4177468269999998,8.122178468,11.91508587,1.8e-10,4.85e-09,13.93720091
150,LAMC2,2.9080258839999997,3.0637275280000003,11.89606055,1.8499999999999998e-10,4.970000000000001e-09,14.1704318
152,EIF4A2,1.296309946,8.911910217,11.85270648,1.97e-10,5.25e-09,13.86692203
153,ENDOD1,1.94815346,5.846583616,11.84992378,1.9800000000000001e-10,5.2600000000000004e-09,13.85339484
154,METTL5,1.018278947,4.740610946,11.819046499999999,2.07e-10,5.47e-09,13.88069452
155,FAM86DP,1.895241515,4.144506891,11.81210453,2.0899999999999998e-10,5.51e-09,13.92903978
157,ALDH2,1.1958767129999999,5.070413671,11.78829489,2.16e-10,5.6700000000000005e-09,13.80685451
158,PCDH9,2.40989835,3.210140079,11.76941993,2.23e-10,5.8099999999999996e-09,13.96865586
159,WTIP,1.291004584,5.122967095,11.76456863,2.24e-10,5.83e-09,13.76705101
160,KPRP,6.263725341000001,2.088627717,11.73456808,2.34e-10,6.0499999999999996e-09,13.96780092
161,BCAR3,1.557005221,6.791471293,11.71774894,2.4e-10,6.18e-09,13.62420816
164,RNPC3,1.932970729,2.742627042,11.6507101,2.65e-10,6.709999999999999e-09,13.83211229
165,NTSR1,5.728138098,3.302749359,11.64810931,2.66e-10,6.720000000000001e-09,13.77706049
166,SLC7A1,1.585855386,8.308467183,11.64531823,2.68e-10,6.73e-09,13.5324992
169,NRIP3,1.590603339,3.6292892269999997,11.59259618,2.89e-10,7.2199999999999995e-09,13.65567221
170,KRT8P12,3.159543638,1.758509834,11.57262246,2.98e-10,7.4e-09,13.70663996
172,NFKBIB,1.092143985,4.399287065,11.54262891,3.12e-10,7.659999999999999e-09,13.49284692
1,PID1,1.524827335,6.1312705,5.8880338729999995,1.5e-06,0.011598191,5.23653992
2,GSDMA,3.400986534,2.028785151,5.33362325,7.52e-06,0.021915639,3.555217232
7,HMGA2,1.417204939,-0.512179493,4.9299274230000005,2.4299999999999998e-05,0.022780992000000003,1.861236027
8,GRB10,1.129332873,3.3539231689999998,4.904739866,2.62e-05,0.022780992000000003,2.55718535
12,CLIP2,1.095325649,5.469628257,4.760678068,3.98e-05,0.022780992000000003,2.137434299
13,MYO10,1.098028463,5.467517153999999,4.739261197,4.23e-05,0.022780992000000003,2.078927962
14,MMP2,1.041279928,4.518857632,4.715793091,4.5299999999999997e-05,0.022780992000000003,2.029677898
22,LDLRAD3,1.289451476,2.98311673,4.586970198,6.57e-05,0.022780992000000003,1.711433735
23,ST6GALNAC3,1.425346131,-0.852494522,4.575870753,6.78e-05,0.022780992000000003,0.9918178959999999
25,VNN3,1.2500243770000001,0.137351643,4.524843572,7.85e-05,0.022780992000000003,1.177882204
27,KITLG,1.43791605,3.846574191,4.492561223,8.62e-05,0.022780992000000003,1.447992385
29,BNC2,1.993996169,0.838457448,4.4842678639999995,8.83e-05,0.022780992000000003,1.239338717
32,CXCL2,1.144525904,6.505961837,4.463795216,9.36e-05,0.022780992000000003,1.336610633
33,FJX1,1.312015705,2.71269596,4.4544618,9.609999999999999e-05,0.022780992000000003,1.361849905
37,ICOSLG,1.062025126,5.75914899,4.406172335,0.000110432,0.024187637999999997,1.173713112
39,PTGER2,1.020364036,6.378952826,4.375223213,0.00012066899999999999,0.02483189,1.095913796
49,CELF5,1.683028028,-0.772198883,4.28582229,0.000155789,0.027705406000000002,0.412087975
51,CYP7B1,1.7111152669999998,1.115920793,4.269975489,0.000162989,0.027886708,0.775446449
54,PPP4R4,1.727828561,-1.083201944,4.219085008,0.000188397,0.028566968999999998,0.18615776899999997
55,GLIS3,1.0180981340000002,4.077366252,4.207382798,0.00019477,0.029225583,0.6809122679999999
62,JDP2,1.168232918,5.787316916,4.139577334,0.000236084,0.031290034,0.45969158299999996
63,SLC16A10,1.500732745,4.760877549,4.129072795,0.00024321099999999999,0.031706471,0.446323521
64,AC079325.6,1.7466425280000002,-1.449674139,4.127466719,0.000244319,0.031706471,-0.101326819
67,ANKH,1.037087655,7.177908334,4.114315011,0.000253582,0.031722865,0.417258791
79,P3H2,1.45807925,0.554133427,4.026260939,0.000325105,0.032804845,0.128056644
83,TCN1,2.05274027,-0.8023132609999999,4.012302399999999,0.000338126,0.033134074,-0.164149063
84,NT5E,1.5403138,1.244689734,4.002725575,0.000347354,0.033695243,0.15437569
85,MRO,2.353848507,1.479089633,4.0015220739999995,0.00034853099999999996,0.033695243,0.170663413
87,EDA,1.013228349,0.30897507399999996,3.990394663,0.0003596,0.033818077,0.009878331
90,EDNRB,1.1774010940000001,2.2006825709999998,3.981300665,0.00036889999999999997,0.033818077,0.153230069
98,ARHGAP23,1.0151019959999998,2.4704178690000003,3.949728598,0.000403052,0.035187669,0.075744213
104,GPR85,1.912155857,2.143993504,3.917975784,0.000440511,0.036027147,-0.00377343
106,LRTM1,3.68369327,0.030836585,3.913386954,0.000446198,0.036027147,-0.20592053300000002
114,PKIB,2.105799769,0.541885966,3.8881372510000003,0.000478798,0.036186061,-0.18729554
120,CFHR3,1.310641743,-0.775608845,3.849910473,0.0005326209999999999,0.03715822,-0.49284750000000005
121,FCAMR,2.4290861759999998,-0.23465027,3.849127422,0.000533783,0.03715822,-0.39054588700000004
143,RND1,1.347752711,2.4514163019999997,3.75882497,0.000685737,0.040202062000000004,-0.396652057
145,MSX1,2.211474852,-0.34795174,3.755469045,0.000692129,0.040202062000000004,-0.609111144
147,TFPI2,1.573953068,0.639332857,3.747090573,0.00070834,0.040469475,-0.49455321399999996
148,CEMIP,1.061704988,3.5445900010000004,3.743379308,0.000715638,0.040469475,-0.49064561799999995
150,PDGFA,1.8365112330000002,3.7333519930000003,3.7416722,0.000719019,0.040469475,-0.50752613
158,ATP2B1,1.0478091840000001,8.689776078,3.728561495,0.0007455130000000001,0.040524946,-0.5367165
163,CACNA2D3,2.163833506,-0.785838485,3.710380919,0.000783826,0.041210067999999996,-0.78021723
164,DPP6,1.877020986,-0.987201118,3.710363436,0.0007838639999999999,0.041210067999999996,-0.818805569
172,RCAN1,1.313367027,7.326227916000001,3.672982058,0.0008687460000000001,0.043302022,-0.72285365
175,KANK1,1.599679117,8.037615533,3.6572432839999998,0.0009070939999999999,0.044003245999999996,-0.73817865
198,ABTB2,1.327217845,3.4083807160000004,3.597228228,0.001068956,0.045381209000000006,-0.847410443
209,CNRIP1,1.01565322,3.253019698,3.5773487060000004,0.001128493,0.046313230999999996,-0.885356435
216,CCL20,2.122380602,5.380785792999999,3.562968029,0.0011735489999999999,0.046590972,-1.035676346
218,MS4A2,1.335949123,0.983486462,3.56049374,0.0011814739999999998,0.046590972,-0.8889262729999999
222,MPP3,1.250229426,-0.340669703,3.55583561,0.001196536,0.046837212,-1.02634638
224,CHST5,1.9666890369999999,0.09679472199999999,3.552892032,0.001206149,0.046908615,-0.978431817
227,CH17-78J1.1,1.110666751,-1.240794392,3.548759988,0.0012197689999999999,0.046980682,-1.184597741
229,F2RL2,1.091126944,-0.632038075,3.542502225,0.00124068,0.047078065,-1.095836765
232,SCUBE1,2.076875225,1.194257041,3.533795974,0.00127035,0.047904178,-0.939707392
236,ATP8B1,1.074521929,2.924024236,3.52460336,0.001302422,0.04793916,-0.991770174
241,KLLN,2.006970033,2.096160659,3.50030562,0.0013910020000000001,0.050011680999999995,-1.011111808
256,RP11-113I24.1,2.0752848619999997,1.619900746,3.4687367780000002,0.0015148070000000002,0.051362791,-1.079939403
262,ERBB3,1.506799826,-0.40086730600000003,3.452534318,0.001582409,0.052001004,-1.247541121
275,REM1,1.765450398,0.6214878110000001,3.4267850789999996,0.001695862,0.052892035,-1.206652578
278,SGPP2,1.3643633640000001,6.3982498020000005,3.419812957,0.001727905,0.05344243,-1.386847472
285,RASL11A,1.7317294890000001,2.38720968,3.403633947,0.0018045210000000001,0.053946198,-1.2501777509999998
287,RNF150,2.086422876,1.036129494,3.402851685,0.001808307,0.053946198,-1.2400523509999999
305,MET,1.021182815,3.1031287130000003,3.3744612239999996,0.001951002,0.054184947000000004,-1.36819818
306,DEPTOR,1.170711453,-0.314310927,3.372449024,0.001961516,0.054184947000000004,-1.401412018
310,C1QTNF1,1.5943157069999998,3.239249956,3.367316712,0.001988581,0.054184947000000004,-1.396607839
314,TNFSF18,1.0657193999999999,0.900985085,3.363704292,0.002007845,0.054184947000000004,-1.331355947
320,A4GALT,1.3576405409999999,2.138694121,3.35262446,0.0020680570000000003,0.054755961,-1.3584049059999999
322,VCAN,1.731930692,6.593922953,3.351286683,0.0020754429999999997,0.054755961,-1.550673605
326,STEAP2,1.131229885,0.096780105,3.344418252,0.002113766,0.055061107000000005,-1.420249406
339,DPPA4,1.8274855069999998,0.273212772,3.3291480069999997,0.002201415,0.055375808,-1.439099855
359,PLXNA2,1.098601469,4.475696397,3.287974072,0.002455461,0.057607358,-1.6847348030000002
374,RNASE2,1.300019385,0.444374201,3.261301126,0.0026347759999999997,0.05881988900000001,-1.572447344
378,AKR1C3,1.008785621,0.916862394,3.2592505089999997,0.0026490690000000004,0.05881988900000001,-1.55926536
389,HEY1,1.9674789069999998,0.769367406,3.239917605,0.0027875129999999997,0.060295373,-1.6050022130000001
390,SMARCA1,1.097971274,-1.118602992,3.2397658910000002,0.002788627,0.060295373,-1.75927826
403,SLC25A48,2.185670327,-0.193429008,3.226360193,0.002888697,0.060627143,-1.6874065919999999
405,PAK3,1.25732278,-0.739330677,3.225448628,0.002895625,0.060627143,-1.7417531309999998
424,AC010980.2,1.115078918,3.7012010969999998,3.186592942,0.003206128,0.063197108,-1.8689877469999998
432,CELF4,1.8832910219999999,-0.009211826999999999,3.18041632,0.0032583240000000004,0.063324151,-1.767160232
433,WNT5A,1.450028665,3.518511118,3.1800305030000002,0.0032616109999999998,0.063324151,-1.8678129330000002
438,AATK,1.011720091,3.484768222,3.175265796,0.003302467,0.06356394,-1.875890244
455,FBLN5,1.124613876,1.039853318,3.1520997060000004,0.00350816,0.065038668,-1.789326846
472,TLR5,1.0254221940000001,2.078796639,3.1237023269999997,0.003776968,0.06692155400000001,-1.878407762
488,RFX8,1.484980225,0.612683865,3.098039128,0.004036651,0.068328975,-1.9099480640000002
507,CD93,1.502882001,6.632811755,3.0809850969999997,0.004218508,0.069290317,-2.19963756
513,TNFRSF11A,1.259491265,4.552142778,3.069748655,0.004342551,0.070207018,-2.209946403
516,TREM1,1.337997853,4.078126177,3.066394942,0.00438024,0.070421158,-2.184067631
524,FAM110B,1.135155828,0.078551385,3.0559801810000002,0.004499268,0.07118537700000001,-2.014447385
561,PTX3,1.8949564280000002,4.862958558,3.018379003,0.0049550290000000006,0.07281383599999999,-2.346034597
562,PDE2A,1.211623707,1.017361961,3.01775192,0.004962988,0.07281383599999999,-2.07553003
645,MYO1B,1.21136039,5.367671317,2.94552563,0.005965165,0.076312794,-2.5296745819999997
646,AKR1C2,1.786628561,0.253877223,2.9441716060000003,0.005985661999999999,0.076435565,-2.232737586
662,COLEC12,1.34557968,4.31213686,2.931980278,0.006173227,0.07759627200000001,-2.512726538
677,FCER1A,1.617946336,0.865905516,2.921260135,0.006342721,0.078330304,-2.275090541
682,TRIM72,1.364708325,1.9694405080000001,2.91574593,0.0064316040000000005,0.078877295,-2.3292341569999997
696,TFAP2C,1.243156127,0.295749852,2.902577145,0.006648638,0.079546208,-2.314816688
735,SV2B,1.1123812659999999,0.6892097759999999,2.864013374,0.007324516999999999,0.082471324,-2.390225348
737,MMP1,2.335359174,0.6876867259999999,2.862841888,0.007346025999999999,0.082553721,-2.392577349
742,MTHFD2P1,1.2991932240000001,0.601236132,2.858949725,0.007417913000000001,0.082783198,-2.3999626469999997
762,PTPN14,1.0130081359999998,1.206307851,2.842902035,0.007721344000000001,0.084262095,-2.443968465
769,RPL9P7,1.7479298490000001,-1.191166234,2.8360023130000003,0.007855352,0.084872882,-2.510100339
776,ANTXR1,1.361603481,1.5952909819999999,2.830796658,0.007957898,0.085138843,-2.486575793
789,CLDN1,1.259657238,0.674893277,2.8197503339999996,0.008179668000000001,0.08604144300000001,-2.478975829
795,RP11-903H12.5,2.347496163,-0.024749191,2.8138548130000003,0.008300387,0.08670978900000001,-2.494312683
799,STEAP1,1.116762802,1.002509831,2.810990165,0.008359644,0.08694633800000001,-2.5028831940000003
820,MTCO1P12,1.2184516140000001,3.833208071,2.78872218,0.008833967,0.088743976,-2.7924851389999996
824,MAMLD1,1.068490658,2.988396256,2.787096563,0.008869561,0.08876418800000001,-2.703665075
828,ZNF259P1,1.4078761999999998,-0.593822463,2.784657947,0.008923209,0.088839902,-2.5678921569999997
841,PPM1N,1.2195689109999999,3.6909382610000003,2.774997561,0.009138726,0.089321863,-2.808156823
843,GRIP1,1.3851346469999999,-1.065140765,2.774455253,0.009150968,0.08936928400000001,-2.611096762
854,CLC,1.512063124,1.987500253,2.762929534,0.009414791,0.090630259,-2.655343939
860,IL36G,1.345942306,-1.028583762,2.7600665980000003,0.009481416,0.090630259,-2.634498084
875,TNC,1.162634472,6.653046483,2.745396776,0.009829766,0.091495539,-2.964724139
13736,H3F3AP4,-3.08273772,2.712563485,-2.7447478139999997,0.009845449000000001,0.091495539,-2.764004248
13740,RP11-651P23.4,-1.478727961,-0.27274952,-2.7458632769999998,0.009818506999999999,0.091495539,-2.628763579
13755,4-Sep,-1.2880485240000001,0.7723741820000001,-2.7580882439999996,0.009527713,0.090721864,-2.603368801
13756,CCL13,-1.585158075,4.493817121,-2.758943013,0.009507684,0.090640758,-2.914244503
13773,DCSTAMP,-1.0011507720000001,6.219867357999999,-2.7738665989999998,0.009164273,0.089369757,-2.91439322
13780,PTGDS,-1.289934813,1.825840269,-2.778631378,0.009057094,0.089188973,-2.610201684
13789,FFAR4,-1.015795096,0.46571306799999995,-2.78577553,0.008898586,0.088831688,-2.5446843059999997
13801,LAG3,-1.445705188,1.97545517,-2.7945864539999996,0.008706669,0.088257943,-2.58791622
13811,HLA-DPB2,-1.151796377,-1.154924867,-2.803266493,0.008521395,0.087421339,-2.565704201
13814,ZBED2,-1.8824222659999998,2.132016292,-2.806874567,0.008445473,0.08709800000000001,-2.57461021
13822,TIFAB,-1.0236342920000001,4.603334447,-2.8135914439999996,0.008305818000000001,0.08670978900000001,-2.7998964139999996
13831,LGALS17A,-1.889697823,-0.47672645399999997,-2.8246626139999997,0.008080341999999999,0.085680459,-2.488610908
13844,C1R,-1.564754815,2.457888115,-2.8389582210000004,0.007797676999999999,0.084710058,-2.5352985930000003
13845,GALNT12,-1.165284896,2.092185021,-2.8405999310000003,0.007765816,0.084491375,-2.499532245
13846,ZBED6CL,-1.071758775,1.948865576,-2.8406617510000003,0.007764619,0.084491375,-2.488465525
13851,IL2RB,-1.10232598,5.3915979720000005,-2.850429857,0.007577585,0.083750094,-2.746851939
13901,FAM26F,-2.036641732,4.3927372160000004,-2.9047301739999996,0.006612689000000001,0.079379821,-2.580596295
13905,FAM81A,-1.275633024,0.779237686,-2.906446323,0.006584166,0.079365916,-2.304726027
13910,VAMP5,-1.454952578,4.635688341,-2.910734773,0.0065133940000000005,0.07911082900000001,-2.582589782
13913,AC009950.1,-3.18550375,-0.849426479,-2.915602329,0.0064339340000000005,0.078877295,-2.3409385730000003
13915,HAPLN3,-1.184147718,4.844798353,-2.918730072,0.0063833580000000004,0.078524574,-2.575134659
13938,XCL1,-1.082102221,-0.24552848600000002,-2.964608184,0.005683250999999999,0.074832929,-2.210898265
13939,SERPING1,-1.506010265,6.785184697999999,-2.964816472,0.005680244,0.074832929,-2.46503061
13949,UNC5A,-1.088146348,2.53015743,-2.9754838589999997,0.005528256,0.074078633,-2.242751065
13969,SH2D2A,-1.04184934,2.579047039,-3.000513409,0.005186585,0.07281383599999999,-2.191324753
13971,AC234582.1,-1.307730342,-0.929894488,-3.0026837239999997,0.005157919,0.07281383599999999,-2.185563858
13972,KIF26B,-1.3060123590000001,-1.225766412,-3.0027119589999995,0.005157547,0.07281383599999999,-2.212636374
13980,PSMB9,-1.049738466,5.7266742,-3.00964886,0.00506693,0.07281383599999999,-2.383730889
13990,CDHR1,-1.3479581219999999,-0.544479267,-3.017249146,0.004969378,0.07281383599999999,-2.127405482
13994,SYNC,-1.1487293170000001,0.983906325,-3.022440459,0.0049037709999999995,0.07281383599999999,-2.065438178
13997,RORC,-1.130650733,-0.08433642300000001,-3.0259871589999996,0.004859421,0.07281383599999999,-2.082210866
14004,LRRC61,-1.220522182,1.227040296,-3.03144594,0.004791902,0.07274200900000001,-2.049130315
14007,FSD1,-1.1496472340000001,-1.231518638,-3.035791836,0.004738785,0.072708625,-2.152748449
14012,C1QB,-1.6093468969999998,7.563990442000001,-3.047121513,0.00460292,0.07160916,-2.242396554
14016,COL8A2,-1.155082384,4.836579625,-3.0531008739999996,0.004532712,0.071263962,-2.2638159840000003
14020,IL18RAP,-1.0614924209999999,2.234064623,-3.0603402689999997,0.004449069,0.070695701,-2.030027675
